{"count":1,"self":18.148552,"total":853.03855479999993,"children":{"InitializeActuators":{"count":2,"self":0.00099969999999999985,"total":0.00099969999999999985,"children":null},"InitializeSensors":{"count":2,"self":0.0010002,"total":0.0010002,"children":null},"AgentSendState":{"count":102687,"self":0.3403169,"total":4.2670110999999995,"children":{"CollectObservations":{"count":205374,"self":1.6119417,"total":1.6119417,"children":null},"WriteActionMask":{"count":205374,"self":0.052737099999999995,"total":0.052737099999999995,"children":null},"RequestDecision":{"count":205374,"self":0.1151094,"total":2.2620153999999997,"children":{"AgentInfo.ToProto":{"count":205374,"self":0.3741598,"total":2.146906,"children":{"GenerateSensorData":{"count":205374,"self":1.7727461999999998,"total":1.7727461999999998,"children":null}}}}}}},"DecideAction":{"count":102687,"self":826.92387839999992,"total":826.9238951,"children":null},"AgentAct":{"count":102687,"self":3.6950968,"total":3.6950968,"children":null},"AgentInfo.ToProto":{"count":202,"self":0,"total":0.0010000999999999999,"children":{"GenerateSensorData":{"count":202,"self":0.0010000999999999999,"total":0.0010000999999999999,"children":null}}}},"gauges":{"Behaviour_Human.CumulativeReward":{"count":101,"max":10.2786894,"min":-9.932933,"runningAverage":-0.05845511,"value":-1.550631,"weightedAverage":-2.61002231},"Behaviour_Enemy.CumulativeReward":{"count":101,"max":11.6279411,"min":-9.982998,"runningAverage":-0.07882778,"value":-1.57822609,"weightedAverage":1.08331347}},"metadata":{"timer_format_version":"0.1.0","start_time_seconds":"1732173608","unity_version":"2022.3.49f1","command_line_arguments":"C:\\Users\\LBK\\Desktop\\AAPPO_ML-Agent_Project\\APPPO_Model_Agent\\..\/Duel_Game\/AI Duel Game.exe --mlagents-port 5005","communication_protocol_version":"1.5.0","com.unity.ml-agents_version":"2.0.1","scene_name":"DuelFightGane_Learning","end_time_seconds":"1732174460"}}